title,company,url
Flutter 개발자,인피니티익스체인지코리아,https://www.wanted.co.kr/wd/230172
[Plus]Flutter 개발자,앤서스랩코리아,https://www.wanted.co.kr/wd/256645
플러터 개발자(3~8년),래딩랩스,https://www.wanted.co.kr/wd/248956
플러터(Flutter) 웹(Web) 개발자,에이치아이티,https://www.wanted.co.kr/wd/262569
[SW팀] 크로스플랫폼 앱 개발자(Flutter),이노버스,https://www.wanted.co.kr/wd/249843
"프론트엔드 ( Flutter, Next js ) 개발자 JD",용감한파커들,https://www.wanted.co.kr/wd/214491
Flutter 개발자,코보시스,https://www.wanted.co.kr/wd/99737
[999F] Flutter 풀스택 개발자,이쿠아,https://www.wanted.co.kr/wd/261856
Flutter 개발자,인피니티익스체인지코리아,https://www.wanted.co.kr/wd/230172
[Plus]Flutter 개발자,앤서스랩코리아,https://www.wanted.co.kr/wd/256645
플러터 개발자(3~8년),래딩랩스,https://www.wanted.co.kr/wd/248956
플러터(Flutter) 웹(Web) 개발자,에이치아이티,https://www.wanted.co.kr/wd/262569
[SW팀] 크로스플랫폼 앱 개발자(Flutter),이노버스,https://www.wanted.co.kr/wd/249843
"프론트엔드 ( Flutter, Next js ) 개발자 JD",용감한파커들,https://www.wanted.co.kr/wd/214491
Flutter 개발자,코보시스,https://www.wanted.co.kr/wd/99737
[999F] Flutter 풀스택 개발자,이쿠아,https://www.wanted.co.kr/wd/261856
Flutter 개발자 (병역특례_현역/보충역),넛지헬스케어(캐시워크),https://www.wanted.co.kr/wd/168259
[블루프로그] Flutter 앱 개발자 (3년 이상),청개구리(BLUEFROG),https://www.wanted.co.kr/wd/258543
프론트엔드 개발자(React-native/Flutter),그위피파트너스,https://www.wanted.co.kr/wd/234764
Flutter 개발자,한국클라우드,https://www.wanted.co.kr/wd/256864
Flutter 앱 개발자 (3년 이상),에픽코퍼레이션,https://www.wanted.co.kr/wd/243987
[이리온] Flutter App 개발자,폴라리스쓰리디(Polaris3D),https://www.wanted.co.kr/wd/254715
"[스포츠 플랫폼] 모바일 앱 개발자 React Native, Flutter(시니어)",고픽커뮤니케이션,https://www.wanted.co.kr/wd/260783
Flutter 앱 / Node.js 개발자,인졀미,https://www.wanted.co.kr/wd/210107
[신입] Flutter 앱 / Node.js 개발자,인졀미,https://www.wanted.co.kr/wd/210056
[계약직] Flutter / node.js 개발자,인졀미,https://www.wanted.co.kr/wd/238403
렌탈 서비스 개발 프로젝트 Flutter 개발자 (고급),이그레브,https://www.wanted.co.kr/wd/226388
Flutter App 개발자,제네시스네스트,https://www.wanted.co.kr/wd/232666
Flutter 모바일 개발,버터플라잉,https://www.wanted.co.kr/wd/215084
Frontend Engineer (React & Flutter),메딜리티,https://www.wanted.co.kr/wd/261544
"주니어 프론트엔드 (Flutter, Next js) 개발자",컨시언스파트너스,https://www.wanted.co.kr/wd/263167
"안드로이드 개발자 (Flutter, Android)",그래픽,https://www.wanted.co.kr/wd/260804
[대웅그룹] Flutter 엔지니어(디지털 헬스케어 사업),아이디에스앤트러스트,https://www.wanted.co.kr/wd/262709
모바일 엔지니어 (Flutter),엘리스,https://www.wanted.co.kr/wd/262121
[신입] 모바일 엔지니어 (Flutter),엘리스,https://www.wanted.co.kr/wd/262125
프론트엔드 개발자 (React-native / flutter),아파트멘터리,https://www.wanted.co.kr/wd/165183
[Payment Blockchain] App 개발자 (Flutter),앤서스랩코리아,https://www.wanted.co.kr/wd/255827
모바일 앱 개발자 (Flutter),시어스랩(Seerslab),https://www.wanted.co.kr/wd/253356
Flutter 크로스플랫폼 앱 개발자 (3년 이상),스튜디오프리윌루전,https://www.wanted.co.kr/wd/260404
[원티드단독] 모바일 앱 소프트웨어 개발 (Flutter / iOS / Android),블록체인랩스,https://www.wanted.co.kr/wd/138923
Flutter 앱 개발자 (5년 이상),트리플콤마(골드스푼),https://www.wanted.co.kr/wd/228740
"모바일 앱 개발자(Flutter, React Native)",부지런컴퍼니,https://www.wanted.co.kr/wd/260319
"[개발] 앱(Flutter) 개발자 (7~10년, 리더)",중고나라,https://www.wanted.co.kr/wd/256682
Flutter(Android) 앱개발자,에버엑스,https://www.wanted.co.kr/wd/44773
앱(Flutter) 개발,어플레이즈,https://www.wanted.co.kr/wd/258622
"Full Stack Software Engineer (Golang, Flutter)",리디(RIDI),https://www.wanted.co.kr/wd/259929
프론트엔드(Flutter) 개발자,컨두잇,https://www.wanted.co.kr/wd/199372
클라이언트(flutter) 개발자,스쿨버스,https://www.wanted.co.kr/wd/201909
"프론트엔드 / 모바일 (Vue, Flutter) 엔지니어",드래프티파이,https://www.wanted.co.kr/wd/220132
